   <privapp-permissions package="com.xiaomi.kidspace">
      <permission name="android.permission.PACKAGE_USAGE_STATS" />
      <permission name="android.permission.DELETE_PACKAGES" />
      <permission name="android.permission.WRITE_SECURE_SETTINGS" />
      <permission name="android.permission.START_ACTIVITIES_FROM_BACKGROUND" />
      <permission name="android.permission.STATUS_BAR" />
      <permission name="android.permission.FORCE_STOP_PACKAGES" />
      <permission name="android.permission.INTERACT_ACROSS_USERS" />
      <permission name="android.permission.CLEAR_APP_CACHE" />
      <permission name="android.permission.DELETE_CACHE_FILES" />
      <permission name="android.permission.MODIFY_PHONE_STATE" />
      <permission name="android.permission.CHANGE_CONFIGURATION" />
      <permission name="android.permission.CHANGE_COMPONENT_ENABLED_STATE" />
      <permission name="android.permission.MANAGE_USERS" />
      <permission name="android.permission.SCHEDULE_EXACT_ALARM" />
      <permission name="android.permission.READ_PRIVILEGED_PHONE_STATE" />
   </privapp-permissions>