   <privapp-permissions package="com.android.mms">
      <permission name="android.permission.WRITE_APN_SETTINGS" />
      <permission name="android.permission.START_ACTIVITIES_FROM_BACKGROUND" />
      <permission name="android.permission.READ_PRIVILEGED_PHONE_STATE" />
      <permission name="android.permission.READ_PHONE_STATE" />
      <permission name="android.permission.CALL_PRIVILEGED" />
      <permission name="android.permission.GET_ACCOUNTS_PRIVILEGED" />
      <permission name="android.permission.WRITE_SECURE_SETTINGS" />
      <permission name="android.permission.SEND_SMS_NO_CONFIRMATION" />
      <permission name="android.permission.SEND_RESPOND_VIA_MESSAGE" />
      <permission name="android.permission.UPDATE_APP_OPS_STATS" />
      <permission name="android.permission.MODIFY_PHONE_STATE" />
      <permission name="android.permission.WRITE_MEDIA_STORAGE" />
      <permission name="android.permission.MANAGE_USERS" />
      <permission name="android.permission.INTERACT_ACROSS_USERS" />
      <permission name="android.permission.SCHEDULE_EXACT_ALARM" />
   </privapp-permissions>