   <privapp-permissions package="com.android.quicksearchbox">
      <permission name="android.permission.GLOBAL_SEARCH" />
      <permission name="android.permission.PACKAGE_USAGE_STATS" />
      <permission name="android.permission.READ_NETWORK_USAGE_HISTORY" />
      <permission name="android.permission.DUMP" />
      <permission name="android.permission.INTERACT_ACROSS_USERS" />
      <permission name="android.permission.STOP_APP_SWITCHES" />
      <permission name="android.permission.READ_SEARCH_INDEXABLES" />
      <permission name="android.permission.CHANGE_COMPONENT_ENABLED_STATE" />
      <permission name="android.permission.READ_PHONE_STATE" />
      <permission name="android.permission.WRITE_SECURE_SETTINGS" />
      <permission name="android.permission.START_ACTIVITIES_FROM_BACKGROUND" />
      <permission name="android.permission.START_FOREGROUND_SERVICES_FROM_BACKGROUND" />
   </privapp-permissions>